{"Rouge-L f": 0.17044339498283162, "image_quantity_level-Accuracy": {"Few": 0.17044339498283162, "Medium": 0, "Many": 0}, "image_quantity_level-Result": {"Few": [34.08867899656632, 200], "Medium": [0, 0], "Many": [0, 0]}}