{"Accuracy": 0.23, "image_quantity_level-Accuracy": {"Few": 0, "Medium": 0.25471698113207547, "Many": 0.20212765957446807}, "image_quantity_level-Result": {"Few": [0, 0], "Medium": [27, 106], "Many": [19, 94]}}