{"Rouge-L f": 0.04813788010566647, "image_quantity_level-Accuracy": {"Few": 0.04813788010566647, "Medium": 0, "Many": 0}, "image_quantity_level-Result": {"Few": [9.627576021133295, 200], "Medium": [0, 0], "Many": [0, 0]}}