{"Accuracy": 0.49, "image_quantity_level-Accuracy": {"Few": 0, "Medium": 0.5403225806451613, "Many": 0.40789473684210525}, "image_quantity_level-Result": {"Few": [0, 0], "Medium": [67, 124], "Many": [31, 76]}}