{"Rouge-L f": 0.18675401002627123, "image_quantity_level-Accuracy": {"Few": 0.18675401002627123, "Medium": 0, "Many": 0}, "image_quantity_level-Result": {"Few": [37.350802005254245, 200], "Medium": [0, 0], "Many": [0, 0]}}