{"Rouge-L f": 0.18327963660025115, "image_quantity_level-Accuracy": {"Few": 0.18327963660025115, "Medium": 0, "Many": 0}, "image_quantity_level-Result": {"Few": [36.65592732005023, 200], "Medium": [0, 0], "Many": [0, 0]}}