{"Rouge-L f": 0.16377159738658473, "image_quantity_level-Accuracy": {"Few": 0.16377159738658473, "Medium": 0, "Many": 0}, "image_quantity_level-Result": {"Few": [32.75431947731695, 200], "Medium": [0, 0], "Many": [0, 0]}}