{"Accuracy": 0.23, "image_quantity_level-Accuracy": {"Few": 0, "Medium": 0.2641509433962264, "Many": 0.19148936170212766}, "image_quantity_level-Result": {"Few": [0, 0], "Medium": [28, 106], "Many": [18, 94]}}