{"Accuracy": 0.525, "image_quantity_level-Accuracy": {"Few": 0, "Medium": 0.5259259259259259, "Many": 0.5230769230769231}, "image_quantity_level-Result": {"Few": [0, 0], "Medium": [71, 135], "Many": [34, 65]}}