{"Accuracy": 0.325, "image_quantity_level-Accuracy": {"Few": 0.3484848484848485, "Medium": 0.31343283582089554, "Many": 0}, "image_quantity_level-Result": {"Few": [23, 66], "Medium": [42, 134], "Many": [0, 0]}}