{"Rouge-L f": 0.20732882493354812, "image_quantity_level-Accuracy": {"Few": 0.20732882493354812, "Medium": 0, "Many": 0}, "image_quantity_level-Result": {"Few": [41.46576498670963, 200], "Medium": [0, 0], "Many": [0, 0]}}