{"Accuracy": 0.235, "image_quantity_level-Accuracy": {"Few": 0, "Medium": 0.2641509433962264, "Many": 0.20212765957446807}, "image_quantity_level-Result": {"Few": [0, 0], "Medium": [28, 106], "Many": [19, 94]}}