{"Rouge-L f": 0.17547050448801302, "image_quantity_level-Accuracy": {"Few": 0.17547050448801302, "Medium": 0, "Many": 0}, "image_quantity_level-Result": {"Few": [35.0941008976026, 200], "Medium": [0, 0], "Many": [0, 0]}}