{"Accuracy": 0.04833333333333333, "image_quantity_level-Accuracy": {"Few": 0, "Medium": 0.05919661733615222, "Many": 0.007874015748031496}, "image_quantity_level-Result": {"Few": [0, 0], "Medium": [28, 473], "Many": [1, 127]}}