{"Rouge-L f": 0.15963559183610085, "image_quantity_level-Accuracy": {"Few": 0.15963559183610085, "Medium": 0, "Many": 0}, "image_quantity_level-Result": {"Few": [31.927118367220167, 200], "Medium": [0, 0], "Many": [0, 0]}}