{"Accuracy": 0.325, "image_quantity_level-Accuracy": {"Few": 0, "Medium": 0.2827586206896552, "Many": 0.43636363636363634}, "image_quantity_level-Result": {"Few": [0, 0], "Medium": [41, 145], "Many": [24, 55]}}