{"Accuracy": 0.49, "image_quantity_level-Accuracy": {"Few": 0, "Medium": 0.532258064516129, "Many": 0.42105263157894735}, "image_quantity_level-Result": {"Few": [0, 0], "Medium": [66, 124], "Many": [32, 76]}}