{"Rouge-L f": 0.1817597577091174, "image_quantity_level-Accuracy": {"Few": 0.1817597577091174, "Medium": 0, "Many": 0}, "image_quantity_level-Result": {"Few": [36.351951541823475, 200], "Medium": [0, 0], "Many": [0, 0]}}