{"Accuracy": 0.335, "image_quantity_level-Accuracy": {"Few": 0, "Medium": 0.327683615819209, "Many": 0.391304347826087}, "image_quantity_level-Result": {"Few": [0, 0], "Medium": [58, 177], "Many": [9, 23]}}