{"Rouge-L f": 0.04925015093333121, "image_quantity_level-Accuracy": {"Few": 0.04925015093333121, "Medium": 0, "Many": 0}, "image_quantity_level-Result": {"Few": [9.850030186666242, 200], "Medium": [0, 0], "Many": [0, 0]}}