{"Rouge-L f": 0.04197263066332912, "image_quantity_level-Accuracy": {"Few": 0.04197263066332912, "Medium": 0, "Many": 0}, "image_quantity_level-Result": {"Few": [8.394526132665824, 200], "Medium": [0, 0], "Many": [0, 0]}}