{"Accuracy": 0.44, "image_quantity_level-Accuracy": {"Few": 0, "Medium": 0.41605839416058393, "Many": 0.49206349206349204}, "image_quantity_level-Result": {"Few": [0, 0], "Medium": [57, 137], "Many": [31, 63]}}