{"Accuracy": 0.405, "image_quantity_level-Accuracy": {"Few": 0.4090909090909091, "Medium": 0.40298507462686567, "Many": 0}, "image_quantity_level-Result": {"Few": [27, 66], "Medium": [54, 134], "Many": [0, 0]}}