{"Rouge-L f": 0.05247181212144593, "image_quantity_level-Accuracy": {"Few": 0.05247181212144593, "Medium": 0, "Many": 0}, "image_quantity_level-Result": {"Few": [10.494362424289186, 200], "Medium": [0, 0], "Many": [0, 0]}}