{"Rouge-L f": 0.19050753556966826, "image_quantity_level-Accuracy": {"Few": 0.19050753556966826, "Medium": 0, "Many": 0}, "image_quantity_level-Result": {"Few": [38.10150711393365, 200], "Medium": [0, 0], "Many": [0, 0]}}