{"Rouge-L f": 0.1622514200968992, "image_quantity_level-Accuracy": {"Few": 0.1622514200968992, "Medium": 0, "Many": 0}, "image_quantity_level-Result": {"Few": [32.450284019379836, 200], "Medium": [0, 0], "Many": [0, 0]}}