{"Rouge-L f": 0.1945741676846845, "image_quantity_level-Accuracy": {"Few": 0.1945741676846845, "Medium": 0, "Many": 0}, "image_quantity_level-Result": {"Few": [38.9148335369369, 200], "Medium": [0, 0], "Many": [0, 0]}}