{"Accuracy": 0.475, "image_quantity_level-Accuracy": {"Few": 0.48295454545454547, "Medium": 0.4166666666666667, "Many": 0}, "image_quantity_level-Result": {"Few": [85, 176], "Medium": [10, 24], "Many": [0, 0]}}