{"Accuracy": 0.475, "image_quantity_level-Accuracy": {"Few": 0.4772727272727273, "Medium": 0.4583333333333333, "Many": 0}, "image_quantity_level-Result": {"Few": [84, 176], "Medium": [11, 24], "Many": [0, 0]}}