{"Accuracy": 0.4, "image_quantity_level-Accuracy": {"Few": 0.4090909090909091, "Medium": 0.39552238805970147, "Many": 0}, "image_quantity_level-Result": {"Few": [27, 66], "Medium": [53, 134], "Many": [0, 0]}}